<?xml version="1.0" encoding="UTF-8"?>

<atlassian-plugin key="${project.groupId}.${project.artifactId}" name="${project.name}" plugins-version="2">
  <plugin-info>
    <description>${project.description}</description>
    <version>${project.version}</version>
    <vendor name="${project.organization.name}" url="${project.organization.url}"/>
  </plugin-info>

  <component-import key="token-generator" name="Xsrf Token Generator" interface="com.atlassian.jira.security.xsrf.XsrfTokenGenerator">
      <description>Component to access Xsrf Token Generator functionality</description>
  </component-import>
  
  <web-panel name="Quicktasks Panel" i18n-name-key="quicktasks-panel.name" key="quicktasks-panel" location="atl.jira.view.issue.left.context" weight="600">
    <description key="quicktasks-panel.description">The Quicktasks Panel Plugin</description>
    <context-provider class="com.atlassian.jira.plugin.webfragment.contextproviders.MultiContextProvider">
        <param name="pluginKey">${project.groupId}.${project.artifactId}</param>
        <param name="ctxProvider-1">com.atlassian.jira.plugin.webfragment.contextproviders.I18nContextProvider</param>
        <param name="ctxProvider-2">com.atlassian.jira.plugin.webfragment.contextproviders.XsrfTokenContextProvider</param>
        <param name="ctxProvider-3">sbt.jira.plugins.quicktasks.QuickTasksContextProvider</param>
    </context-provider>
    <resource name="view" type="velocity" location="sbt/jira/plugins/quicktasks/templates/quicktasks.vm"/>
    <condition class="com.atlassian.jira.plugin.webfragment.conditions.UserLoggedInCondition"/>
    <label key="quick-tasks.title" />
  </web-panel>

  <web-section key="subtask-view-options" name="Subtask View Options Section" location="sbt.jira.plugins.quicktasks:quicktasks-panel/drop" i18n-name-key="webfragments.view.issue.subtask.view.options.section" weight="10"/>

  <simple-link-factory key="subtask-view-options-factory" name="View SubTask View Options Factory"
  	section="sbt.jira.plugins.quicktasks:quicktasks-panel/drop/subtask-view-options"
    i18n-name-key="webfragments.view.issue.subtask.view.options.factory" weight="10"
    lazy="false" class="sbt.jira.plugins.quicktasks.QuicktaskViewOptionsFactory"/>
   
  <resource type="i18n" name="i18n" location="atlassian-plugin"/>
  
  <web-resource name="QuickTask web resources" key="qt-resource">
    <description>QuickTask js, image and css resources</description>
    <transformation extension="js">
    	<transformer key="jsI18n"/>
   	</transformation>
    <transformation extension="soy">
    	<transformer key="soyTransformer"/>
    </transformation>
    <transformation extension="less">
    	<transformer key="lessTransformer"/>
	</transformation>

    <dependency>jira.webresources:global-static</dependency>
    <dependency>jira.webresources:jira-global</dependency>
    <dependency>jira.webresources:autocomplete</dependency>
    <dependency>com.atlassian.soy.soy-template-plugin:soy-deps</dependency>
    <dependency>jira.webresources:jira-fields</dependency>
    
    <resource type="download" name="underscore.js" location="sbt/jira/plugins/quicktasks/js/lib/underscore.js">
    	<property key="content-type" value="text/javascript"/>
    </resource>
    <resource type="download" name="backbone.js" location="sbt/jira/plugins/quicktasks/js/lib/backbone.js">
    	<property key="content-type" value="text/javascript"/>
    </resource>
    
    <resource type="download" name="serializeToObject.js" location="sbt/jira/plugins/quicktasks/js/lib/serializeToObject.js" />
    <resource type="download" name="RestfulTable.js" location="sbt/jira/plugins/quicktasks/js/lib/RestfulTable.js" />
    <resource type="download" name="events.js" location="sbt/jira/plugins/quicktasks/js/lib/events.js" />
    <resource type="download" name="project-config.js" location="sbt/jira/plugins/quicktasks/js/quicktasks-config.js" />
    
    <resource type="download" name="images/" location="sbt/jira/plugins/quicktasks/images"/>
	
	<resource type="download" name="project-config.css" location="sbt/jira/plugins/quicktasks/css/global.less" />
	<resource type="download" name="restfultable.css" location="sbt/jira/plugins/quicktasks/css/restfultable.less" />
	<resource type="download" name="quick-task.css" location="sbt/jira/plugins/quicktasks/css/quick-task.less"/>
	
	<resource type="download" name="common-templates.js" location="sbt/jira/plugins/quicktasks/templates/common.soy" />
	<resource type="download" name="restfultable-templates.js" location="sbt/jira/plugins/quicktasks/templates/restfultable.soy" />
    <resource type="download" name="quicktasks-soy.js" location="sbt/jira/plugins/quicktasks/templates/quicktasks.soy"/>
    
    <resource type="download" name="QuickTaskModel.js" location="sbt/jira/plugins/quicktasks/js/QuickTaskModel.js">
		<property key="content-type" value="text/javascript"/>
	</resource>

	<resource type="download" name="quicktaskDialogs.js" location="sbt/jira/plugins/quicktasks/js/quicktaskDialogs.js">
		<property key="content-type" value="text/javascript"/>
	</resource>

	<resource type="download" name="QuickTaskRow.js" location="sbt/jira/plugins/quicktasks/js/QuickTaskRow.js">
		<property key="content-type" value="text/javascript"/>
	</resource>

	<resource type="download" name="EditQuickTaskRow.js" location="sbt/jira/plugins/quicktasks/js/EditQuickTaskRow.js">
		<property key="content-type" value="text/javascript"/>
	</resource>

	<resource type="download" name="quicktasks-init.js" location="sbt/jira/plugins/quicktasks/js/quicktasks-init.js">
		<property key="content-type" value="text/javascript"/>
	</resource>
	<context>atl.general</context>
  </web-resource>
  
  <ao key="ao-module" name="Active Objects module">
    <description>The module configuring the Active Objects service</description>
    <entity>sbt.jira.plugins.quicktasks.entities.QuickTask</entity>
  </ao>
  
  <component-import key="ao" name="Active Objects service" interface="com.atlassian.activeobjects.external.ActiveObjects">
      <description>Component to access Active Objects functionality</description>
  </component-import>
  
  <component key="tx-processor" name="Transactional Annotation Processor" class="com.atlassian.activeobjects.external.TransactionalAnnotationProcessor">
  	<description>Processes @Transactional annotations</description>
  </component>
  
  <component key="quick-task-manager" name="QuickTask Manager" class="sbt.jira.plugins.quicktasks.QuickTaskManagerImpl">
  	<description>Contains CRUD QuickTask logic.</description>
  	<interface>sbt.jira.plugins.quicktasks.QuickTaskManager</interface>
  </component>
  
  <rest key="rest" path="/quicktasks" version="2">
    <description>Provides REST resources for the QuickTask UI.</description>
  </rest>
  
  <component-import key="user-manager" name="User Manager service" interface="com.atlassian.sal.api.user.UserManager">
      <description>Component to access User Management functionality</description>
  </component-import>
</atlassian-plugin>
